Workbook

Sheet PENGANTAR
A1: PEMERINTAH KABUPATEN WONOSOBO
A2: KECAMATAN WATUMALANG
A3: Jalan Jebeng Lintang Nomor 29 Watumalang Wonosobo, Jawa Tengah, 56352
A4: Telpon ( 0286 ) 3304957
A5: Laman: kecamatanwatumalang.wonosobokab.go.id
A6: Pos-el watumalang08@gmail.com
H9: Wonosobo, 21 April 2025
A11: Nomor : 900/
A12: Lampiran : 1 (satu) Lembar
A13: Perihal : Pemindahbukuan Gaji ASN Mei 2025
A15: Yth. Bpk Pemimpin Cabang BANK JATENG
A16: Cabang Wonosobo
A17: di -
B18: WONOSOBO
A21: Dengan hormat,
A23: Sehubungan dengan pembayaran gaji ASN bulan Mei 2025 bersama ini kami mohon
A24: untuk dipindahbukukan dari rekening gaji kami :
A26: Atas nama | C26: : | D26: Bendahara Gaji Kantor Kecamatan Watumalang
A27: Jumlah : Rp. 73.029.600 | C27: : | D27: =J34 -> 61750500
A28: Untuk dipindahkan kedalam rekening di bawah ini :
A29: No. | B29: NAMA REK | F29: Nomor Rek | H29: KET | J29: Jumlah
A31: 1 | B31: Gaji bersih masuk rek (daft terlamp) | F31: 9023999021 | H31: RP/Gaji | J31: ='DATA PRINT'!G21 -> 60066738
A32: 2 | B32: BAZNAS | F32: 2023062148 | H32: BAZNAS | J32: ='DATA PRINT'!E21 -> 1543762.5
A33: 3 | B33: KORPRI KAB. WONOSOBO | F33: 10020100947 | H33: Bank Wonosobo | J33: ='DATA PRINT'!F21 -> 140000
A34: Jumlah | J34: =SUM(J31:K33) -> 61750500
A38: Apabila dikemudian hari terjadi kesalahan penyampaian data gaji pegawai, maka kami
A39: akan tanggung jawab atas kesalahan penyampaian data tersebut diatas
A41: Demikian yang dapat kami sampaikan, atas perhatiannya kami ucapkan terimakasih
A43: Mengetahui,
A44: Plt. Camat Watumalang | H44: Penyiap Dokumen Gaji
A45: Kabupaten Wonosobo
A49: SUBUH ONI WIYONO, SE., MM. | H49: SOLEH
A50: NIP. 19680331 199603 1 007 | H50: NIP. 19710815 201212 1 001

Sheet DATA PRINT
A1: DAFTAR PENERIMAAN GAJI PNS
A2: KECAMATAN WATUMALANG
A3: BULAN MEI 2025
A5: NO | B5: NAMA | C5: NO REKENING | D5: GAJI BRUTO | E5: POT. LAINYA | G5: GAJI BERSIH
E6: BAZNAS | F6: DKK KORPRI
A7: 1 | B7: SUBUH ONI WIYONO SE,MM | C7: 3-023-03740-7 | D7: 5250800 | E7: =D7*2.5% -> 131270 | G7: =D7-E7-F7 -> 5119530
A8: 2 | B8: SAEFUL MUJAB | C8: 3-023-03053-4 | D8: 5177500 | E8: =D8*2.5% -> 129437.5 | F8: 20000 | G8: =D8-E8-F8 -> 5028062.5
A9: 3 | B9: LUWI HARTI MUZAR, SE | C9: 3-023-14617-6 | D9: 5427000 | E9: =D9*2.5% -> 135675 | G9: =D9-E9-F9 -> 5291325
A10: 4 | B10: DWI ATMOKO | C10: 3-023-11508-4 | D10: 5522600 | E10: =D10*2.5% -> 138065 | G10: =D10-E10-F10 -> 5384535
A11: 5 | B11: ROHADI, S.M | C11: 3-023-06590-7 | D11: 5061000 | E11: =D11*2.5% -> 126525 | G11: =D11-E11-F11 -> 4934475
A12: 6 | B12: AZIZ ARAFAT, SPd | C12: 3-023-08255-1 | D12: 4605900 | E12: =D12*2.5% -> 115147.5 | G12: =D12-E12-F12 -> 4490752.5
A13: 7 | B13: SUTINI | C13: 3-023-04040-8 | D13: 4390900 | E13: =D13*2.5% -> 109772.5 | G13: =D13-E13-F13 -> 4281127.5
A14: 8 | B14: INDARSIH,A.Md | C14: 3-023-19553-3 | D14: 4273900 | E14: =D14*2.5% -> 106847.5 | F14: 20000 | G14: =D14-E14-F14 -> 4147052.5
A15: 9 | B15: ENDARTO | C15: 3-023-06908-2 | D15: 4130300 | E15: =D15*2.5% -> 103257.5 | F15: 20000 | G15: =D15-E15-F15 -> 4007042.5
A16: 10 | B16: MUH AZIZ | C16: 3-023-13672-3 | D16: 4617100 | E16: =D16*2.5% -> 115427.5 | F16: 20000 | G16: =D16-E16-F16 -> 4481672.5
A17: 11 | B17: WAGIMIN | C17: 3-023-13673-1 | D17: 4021200 | E17: =D17*2.5% -> 100530 | F17: 20000 | G17: =D17-E17-F17 -> 3900670
A18: 12 | B18: DEWI ASMARANI H., A.Md | C18: 3-023-25196-4 | D18: 3205200 | E18: =D18*2.5% -> 80130 | G18: =D18-E18-F18 -> 3125070
A19: 13 | B19: SOLEH | C19: 3-023-16429-8 | D19: 3415600 | E19: =D19*2.5% -> 85390 | F19: 20000 | G19: =D19-E19-F19 -> 3310210
A20: 14 | B20: BASRI | C20: 3-023-13669-3 | D20: 2651500 | E20: =D20*2.5% -> 66287.5 | F20: 20000 | G20: =D20-E20-F20 -> 2565212.5
A21: JUMLAH | D21: =SUM(D7:D20) -> 61750500 | E21: =SUM(E7:E20) -> 1543762.5 | F21: =SUM(F7:F20) -> 140000 | G21: =SUM(G7:G20) -> 60066738
F24: Mengetahui,
F25: Camat Watumalang
F29: =PENGANTAR!A49 -> SUBUH ONI WIYONO, SE., MM.
F30: =PENGANTAR!A50 -> NIP. 19680331 199603 1 007
